region,size (sq m),2016.01,2016.02,2016.03,2016.04,2016.05,2016.06,2016.07,2016.08,2016.09,2016.1,2016.11,2016.12,2017.01,2017.02,2017.03,2017.04,2017.05,2017.06,2017.07,2017.08,2017.09,2017.1,2017.11,2017.12,2018.01,2018.02,2018.03,2018.04,2018.05,2018.06,2018.07,2018.08,2018.09,2018.1,2018.11,2018.12,2019.01,2019.02,2019.03,2019.04,2019.05,2019.06,2019.07,2019.08,2019.09,2019.1,2019.11,2019.12,2020.01,2020.02,2020.03,2020.04,2020.05,2020.06,2020.07,2020.08,2020.09,2020.1,2020.11,2020.12,2021.01,2021.02,2021.03,2021.04,2021.05,2021.06,2021.07,2021.08,2021.09,2021.1,2021.11,2021.12,2022.01,2022.02,2022.03
Total,135<x,729.6819546,730.0092834,730.6069103,731.5769609,732.7592639,735.2785319,738.5727662,741.2121687,744.6790767,751.6239172,758.6682957,760.1115107,760.8747345,761.2620415,762.9072307,764.445671,767.8846117,774.3028696,779.6617386,788.2375254,790.0300931,793.2754165,797.4916764,804.3726156,816.5600982,826.015555,839.2466477,848.901606,853.660025,856.4433851,860.4319792,866.5352982,886.3248491,899.0953964,906.0995915,907.659353,885.4422159,886.2039681,885.417811,884.7285152,884.4684261,885.2337394,892.2318671,898.6253125,905.0513405,907.5847608,904.6550906,912.6561553,931.7262253,939.6129197,947.9887098,949.3697697,950.8863862,959.3277909,975.6770278,989.2380463,1007.304543,1021.150191,1045.456237,1065.041298,1086.265129,1109.155947,1124.376558,1139.833119,1152.944376,1174.933133,1190.074373,1209.730119,1231.64149,1253.341407,1279.787662,1292.662772,1299.701353,1310.788961,1320.89888
Total,102<x<=135,460.9096898,461.1197522,461.439217,461.812792,462.4933114,463.9570245,465.7837355,467.7956643,470.1115947,473.7433239,476.9825948,477.7389703,478.3740603,479.0220575,479.8484996,480.6909184,482.452189,486.4870896,489.4188177,494.6794228,496.1806637,498.0106611,501.0520725,505.0307409,511.3169654,517.3939815,525.005386,530.1884688,532.6179955,534.3546232,537.0288547,541.7718109,557.3539158,564.9242144,568.1390084,569.4480303,557.6954578,557.8034691,557.2696484,556.4930755,556.4770967,556.678561,559.2599225,562.7442881,566.1473114,567.4899934,570.6910189,576.9861703,590.3113372,597.7457593,606.2535361,608.6353396,610.1692646,617.6847264,630.3958848,642.0746492,656.7744527,664.0840468,681.5313578,697.4602563,713.2664096,732.0466447,746.9031455,758.0946973,767.7878388,783.8814275,796.5407551,810.9920156,826.0876039,839.5986259,856.4862904,864.6055632,873.1648878,882.1092453,889.511362
Total,85<x<=102,411.3732901,411.7579411,412.2235388,412.9765107,414.0377487,415.3642636,418.0909637,420.5307328,423.2366245,427.2822503,431.4278501,432.6273622,432.893093,433.5826934,434.4912568,435.1975966,437.2339532,441.9003822,443.434806,447.2256881,448.7811998,451.0660857,453.2557577,456.0493597,462.760432,467.6877478,475.7810906,478.4609552,480.2300953,482.7512448,484.6271747,489.1569469,502.6659461,510.110894,515.4661664,516.5560003,443.9128442,443.8722337,442.9718381,442.0112217,441.4252564,441.2356824,442.7813095,446.5271208,449.1506719,450.1341586,452.8828854,457.557776,467.7657171,473.0195637,483.66303,485.8157,487.6108249,492.8569559,503.6864091,513.0052056,522.0830289,527.6568868,539.3737371,554.56054,566.4926951,580.0603291,591.8710952,600.5838384,608.1120281,620.0130716,628.2582625,640.1979414,652.2485845,692.2072748,734.7408441,748.7201971,763.6624529,780.7770195,794.587868
Total,60<x<=85,291.5396541,291.9681908,292.2534386,292.6913111,293.5089797,294.4075027,295.7160326,297.2601561,298.5685656,301.2958931,303.770953,304.6779734,305.1979137,305.5675365,306.1045858,306.605627,307.7333404,309.7021487,311.3541894,314.0553964,315.0464149,316.3336999,318.1798507,320.0656964,322.9474188,325.5756117,329.6637926,332.0367562,333.3028482,334.1746843,335.2636445,337.526523,345.4230973,349.9309493,351.7287058,352.3980235,328.3547818,328.1304099,327.6417051,327.0513717,326.7530728,326.5050934,327.3794165,328.2232197,329.2474457,329.4708164,331.2431278,334.3701587,340.9164948,344.7168803,350.879562,352.9593923,353.9550313,358.3280147,365.9403963,372.5395127,379.5525081,383.8220604,392.3638117,400.9680967,409.5422226,419.7783059,429.2216926,436.1491709,442.0485847,450.8911891,458.0949524,468.232586,477.8531687,495.6284105,515.2245249,523.9574962,532.8810455,541.8454622,549.0295268
Total,x<=60,183.7144945,183.9871792,184.4251567,184.9073806,185.6790682,186.4415838,187.5106747,188.773629,190.114637,192.1341746,193.799217,194.4010648,194.7837339,195.0526173,195.4449438,195.9147449,196.610596,198.268408,199.6809436,201.26223,201.9396914,202.7392281,203.4350571,204.3641737,206.0248945,207.2844493,209.5366111,210.872291,211.3550561,211.8915314,212.4539879,213.926104,219.1999828,222.0922954,223.1101574,223.2554954,229.0379227,228.5414922,227.5412916,226.9136945,226.4981319,226.1909235,227.4112359,228.6031843,229.7788874,229.8030698,230.7419782,232.685096,236.7702125,239.1831234,243.151258,244.2738604,244.7922815,247.7902928,253.8534362,258.7209006,263.6738247,266.4261536,270.7389351,275.2865284,279.5375496,285.6886142,291.9417728,296.6408641,301.2724257,307.5120152,313.3390689,321.7299178,330.3304784,335.2019377,341.0691593,340.8371305,340.7480421,340.6901771,340.6298727
Seoul,135<x,1372.566035,1373.462892,1374.807216,1376.141196,1379.905167,1387.489188,1397.164414,1404.486526,1414.329078,1432.554213,1448.269226,1451.235951,1453.123619,1453.407999,1456.767853,1461.049999,1471.530899,1492.834919,1504.675079,1529.477144,1532.487567,1540.826688,1551.364246,1572.510524,1605.798003,1633.692121,1674.515234,1695.114053,1704.664051,1708.762009,1719.693004,1736.417065,1793.707684,1827.627361,1847.670696,1850.100939,1813.614226,1812.848415,1809.809971,1807.831348,1806.375816,1809.546393,1833.427362,1855.377535,1875.498176,1880.578087,1862.021542,1882.587308,1929.207499,1942.388108,1952.1354,1951.267025,1952.138773,1965.328966,1998.414746,2026.916301,2062.77072,2081.094469,2107.774806,2130.285029,2158.171922,2186.713806,2211.061783,2232.811632,2257.745161,2296.89729,2328.960022,2370.969556,2411.967689,2473.011038,2544.58512,2580.238493,2605.309422,2639.279647,2670.087771
Seoul,102<x<=135,749.8570919,749.9643884,750.3187325,751.3763307,753.7287069,758.5977362,763.8366969,769.6128028,776.0061836,785.218369,792.408015,793.7933084,794.8797088,795.5609778,797.0653692,799.6001713,805.1145082,818.8509796,827.0876467,843.107995,846.2929991,851.5189506,861.6481851,874.9272474,894.6105756,915.3789038,940.1399423,955.958436,962.701115,968.1146981,976.5522105,992.5131089,1042.666225,1064.226398,1073.874897,1077.341227,1086.094835,1085.274525,1083.259806,1080.124641,1080.346594,1082.368549,1093.84438,1108.574661,1121.245438,1124.825533,1135.703427,1154.792849,1190.099047,1205.249755,1218.091358,1219.536051,1220.306102,1230.540268,1261.189358,1286.189661,1318.119676,1330.667609,1354.542549,1375.784316,1400.416549,1429.741249,1453.205302,1465.45926,1484.645863,1510.47225,1530.611424,1553.937474,1577.33144,1595.884287,1623.33059,1635.520291,1648.714989,1663.018878,1675.024752
Seoul,85<x<=102,708.3381599,708.8313626,709.9100367,712.9346454,718.4614392,724.7451062,736.0094762,746.7360814,757.1158536,773.1715637,785.7300849,788.0613802,787.1293907,788.5407053,790.4152953,792.9780474,803.2572154,827.4670751,828.8360661,840.5110738,844.2944518,851.9579407,860.0366467,876.0856801,900.9865764,921.278261,959.3154566,967.606114,973.2290837,979.013059,987.9242738,1000.692878,1049.038996,1068.57906,1088.234273,1091.265934,909.3363466,909.4356919,906.7504526,904.8796219,903.8179318,904.3582012,914.2093893,925.5111028,936.1665205,939.9134547,950.3726524,965.5707887,995.1604677,1007.784683,1028.328644,1030.579423,1031.173586,1038.780036,1067.136871,1091.694821,1111.504053,1125.22167,1139.178508,1158.466004,1180.639566,1208.309005,1230.462278,1248.442181,1258.955865,1281.730509,1296.153356,1319.738053,1344.882976,1418.965542,1497.777347,1528.687363,1553.197594,1584.444659,1610.585669
Seoul,60<x<=85,492.8301524,493.5491263,494.1697326,495.6046454,498.6502266,502.3708076,507.5075957,513.2650051,517.7198314,526.2826144,533.2553507,534.994704,535.7510461,536.652274,538.1076132,539.7545402,544.6399865,553.3210927,560.1327359,571.7135861,575.0173925,581.1801862,589.5304355,598.8479994,611.934965,624.0860329,643.9740044,656.2996106,662.2990773,666.7283227,672.8406691,684.6116402,718.9555783,736.7716873,745.1359976,747.7126713,696.073511,695.8156801,694.4533307,694.2182284,695.0139117,696.5107628,705.0693627,711.6634488,718.2400268,722.7687273,730.4860982,742.9195667,766.6882732,776.8011231,791.5768869,795.6736785,796.5445023,806.6381626,831.3664605,854.8954078,878.3518009,889.8641299,907.2869493,921.5117544,939.210884,959.4721071,976.2938051,986.5848899,995.8545347,1012.623709,1024.641078,1042.012422,1060.02718,1099.636669,1143.086947,1162.247933,1181.937873,1201.805095,1217.98153
Seoul,x<=60,336.5282712,337.1046018,338.68715,340.7992613,343.9343324,346.999772,351.5197618,356.099665,361.4913013,367.7331263,372.1324431,373.2784117,374.5553044,375.6952876,377.0869076,378.8287846,382.0172207,390.073381,396.3717772,403.3345865,406.0613958,409.9365045,413.6049828,418.6106426,428.3527767,435.4961376,447.8988363,457.1577731,460.7281361,464.6856285,469.5285648,478.0294448,503.4680142,518.9301689,525.6899546,527.3789739,557.706188,556.1323994,553.5032862,552.9302184,552.7592529,554.2192739,563.0017461,570.2686303,577.2787048,579.0817236,583.6364212,592.082036,608.1671089,615.8837754,625.9651411,627.3871799,627.2980625,634.8268427,655.8843684,675.149076,695.1460642,705.2064105,718.1185647,728.9261492,739.8210318,754.0176777,767.8922562,775.7788756,784.9630629,797.6938368,809.5664658,826.6846557,845.9935785,854.1261927,864.5157903,865.1639496,866.0606489,866.9347315,867.725727
Busan,135<x,455.3128475,457.0789813,458.3811178,461.7441237,464.9185216,466.0565345,468.9743225,473.6166891,477.588691,489.7236621,501.5352562,506.0770172,509.6792471,511.9433194,515.7782292,518.9430475,524.3917494,527.5952563,533.3331166,534.7118833,535.5789358,536.7320997,537.6151253,538.9006031,539.3799181,539.5671503,540.9622767,541.5900039,541.8914219,542.4099205,539.4480375,538.7950964,538.4186326,539.0085125,537.2211027,537.0473342,537.2828683,535.0435333,535.3642512,534.7777552,534.6322547,533.3846509,533.3599529,532.2351492,532.2007642,532.8010731,533.9704427,541.8348817,545.252988,549.2596944,554.4919521,556.540117,557.8183052,563.7578855,575.0134769,583.8900155,596.0975162,608.2829715,649.1866992,688.327415,710.6999991,727.5894601,735.8091552,742.5721565,761.2177397,782.8767985,800.817795,817.6646298,835.1795016,862.914309,892.8895408,906.8915748,921.3042318,935.5383635,947.4344742
Busan,102<x<=135,376.1670152,377.2203494,378.5234982,380.1994303,382.0178704,383.7311275,387.0611894,391.5613526,397.0360841,406.8099563,416.3469734,420.2449671,424.838866,427.1863165,429.1185626,431.0702354,434.0300657,437.3881003,439.9053883,443.2188989,444.3108392,444.4703416,445.3327929,445.5485087,445.2189834,444.9042507,444.2233391,443.9589541,444.4946931,444.4359736,444.0088018,443.4212671,442.8863148,442.3378572,441.5820742,441.7382516,441.8069349,439.8922163,439.0900202,437.2272898,436.7187762,435.6206827,434.6815932,433.4067858,432.7472955,432.6038886,434.3904296,442.1911984,444.9716806,446.9601753,450.4806448,452.2518033,452.0642869,457.925048,461.9559753,470.904122,477.060701,481.039437,510.1404281,535.2388925,547.5363231,563.5293387,573.0202135,583.3005992,591.4042564,608.7818173,622.7616142,635.8523477,646.0987041,664.3411911,683.491308,692.1921969,701.2718162,710.5166234,718.1387559
Busan,85<x<=102,306.5538733,307.3307576,308.1008468,309.0993966,311.6757479,313.3408302,314.7126443,316.1953215,318.8836917,327.033429,335.0747898,340.7598581,347.8814857,349.0877726,350.4529444,350.913699,351.1567769,352.8850024,353.3672263,355.5080756,355.2017855,355.6073932,355.4543929,355.6635209,356.0465655,356.0643082,355.9703103,353.9903702,352.7383214,352.092353,351.9258037,351.1217223,351.7935801,351.0141898,351.8152942,352.3471367,337.688586,337.1612551,336.6215294,335.7880259,335.1669907,333.5834333,331.6604246,330.0773584,328.31222,328.3784968,328.2498217,329.0999928,329.1452949,329.2768502,328.6454119,328.7117178,328.2054502,327.9418223,328.4724239,329.6289116,333.1361432,334.0093532,348.5101616,374.7298921,387.0843795,399.9954776,406.0710762,410.8712829,417.2630764,429.6017121,434.4752247,440.4420849,447.0635005,487.6312724,529.180088,542.4567617,557.0894776,574.9824135,589.3574468
Busan,60<x<=85,250.093884,250.8760887,251.7693939,252.785939,254.0997037,255.0011002,257.2121169,260.0863807,262.1543469,268.1307322,274.0213512,277.4370999,280.4587882,281.7230901,283.2812751,284.92786,286.0896681,287.8314359,289.0582076,290.4049173,290.5819052,290.6526695,290.652145,290.5874193,290.6185826,290.6843474,290.5198727,290.2014019,289.8370086,289.1352198,288.4295466,287.2749625,286.7329802,285.8286826,284.7775429,284.2859258,278.8723175,278.1750369,277.77512,276.5796458,275.8825818,274.2439486,273.4720669,272.3801184,271.8644124,270.9153626,271.2132661,276.1784594,278.5748548,279.7359073,281.4971982,282.6248256,282.87559,285.0801774,288.6957764,292.2348395,296.5702516,300.1861784,316.9795523,332.3234552,342.7290058,348.6115219,353.4599504,357.2090013,363.7448266,371.8181115,378.9161807,386.231799,392.079578,409.9329152,429.3247199,437.8516478,446.513792,455.2357188,462.3084452
Busan,x<=60,161.2808632,161.7433252,162.3817874,163.0611416,163.8842191,164.5230478,165.9697741,167.9421911,170.07964,175.301131,179.8529744,181.7298716,183.1498549,183.9508956,184.7654916,185.3405468,185.8941662,186.9516358,187.4823848,188.1822845,188.2712619,188.3717021,188.1962696,187.9909478,187.3811524,187.2408737,187.0315633,186.3169865,186.0565358,185.5817028,184.599915,183.6348909,183.0039104,181.8251062,180.7137794,180.4814526,178.6989523,178.0570412,177.594228,177.0610013,176.5069115,175.7093799,175.1792264,174.3511345,174.1033822,173.8302502,173.5135915,175.0057446,175.2026668,175.3788921,176.4592473,176.9299243,176.7975799,177.7241118,180.5391515,181.426949,182.0267875,183.1463611,189.7082643,197.2987138,204.3166164,207.9295932,209.3336849,211.6336856,212.9275832,214.9443537,217.7784234,221.1760328,224.1945935,231.1299306,238.9376625,242.4945701,246.1836988,249.9650488,252.95584
Daegu,135<x,654.2260198,653.5526262,653.6062929,656.2998396,655.8520011,655.4202451,655.1533234,653.5514506,653.7136035,653.3403561,665.6242274,666.7039438,667.6254466,667.5329666,667.5329666,667.7645023,667.2709028,667.4286022,681.1039552,694.3453217,703.702677,709.947533,720.0129753,723.1484608,739.6111451,745.9163427,753.8227639,779.1432466,787.5110111,794.650169,798.7053037,800.5673468,810.7344353,813.3153405,820.4896617,825.2457854,805.935648,821.3373355,823.4138896,823.0864711,824.6108058,825.5301251,828.8621368,830.7889524,831.5061971,833.7192526,843.0611819,848.1394672,857.5831709,859.4318661,861.5974926,862.1945387,863.9366518,868.6656951,879.3127202,885.5214493,906.0298383,925.7483581,963.711553,991.0448374,1002.97028,1021.905422,1039.279184,1052.684785,1064.554705,1075.865882,1077.192597,1081.806797,1089.25813,1087.797048,1087.127632,1087.167275,1087.394743,1087.600946,1087.834889
Daegu,102<x<=135,413.9453241,413.1960412,412.7576943,412.1521205,411.184631,410.168979,409.2267289,408.18702,407.7163896,407.3840943,406.9455466,406.9030856,406.3011539,406.4593265,406.2028073,406.4608892,406.4696216,406.6021939,407.6969782,411.0339808,413.0446981,416.1816102,418.6772206,420.0807171,424.3249343,426.1353816,430.1229921,433.1640874,435.2720919,436.5063886,438.3715584,440.6684719,446.3708059,449.1753542,450.4983321,452.730043,449.0446615,449.5864101,450.8160243,451.3503679,451.8526709,452.1098068,452.7550322,453.7257546,456.2932269,456.990781,458.4538214,460.3783592,461.0188737,462.8975953,463.402068,463.813604,464.9864568,468.4886456,473.3936338,477.5561061,488.314918,495.7705803,515.8061919,530.4864959,539.3399412,552.1070248,562.0232531,569.1065954,576.5122126,587.1415955,589.8908859,591.8720584,595.9956656,604.6406355,614.0419056,618.2526552,622.4920458,626.6740571,629.9648709
Daegu,85<x<=102,429.486214,429.4901381,429.4882378,429.4918294,429.4330222,429.431882,428.7511891,429.1556585,429.1541383,429.1552785,432.8486501,433.3789227,437.875926,438.0678936,438.0658223,437.9799905,437.9799905,438.0145819,442.5057894,457.6750073,466.1472,466.9629067,466.1577496,465.8172804,471.6477474,477.059237,488.6020377,488.9363602,499.4736281,499.4809918,499.8866065,502.0053581,504.5889614,507.3047617,511.3705599,511.3748356,455.1362972,454.9292268,454.9485986,449.9852957,449.9884576,449.9994643,450.1334981,474.4116363,475.2257289,475.6162497,480.2358881,484.748268,488.9557832,488.9565837,489.0060979,489.0693364,489.8804144,490.2081129,499.3134608,504.5731949,516.6757541,522.3181923,541.4978646,558.6727063,566.4849132,571.9395603,579.3338335,554.6756948,558.4453014,559.4978788,565.668238,567.3414568,567.4161023,568.0860445,570.1491405,570.1518295,569.9794305,569.3922668,568.3495327
Daegu,60<x<=85,277.7135034,277.3692983,275.6741169,274.9250805,273.5341905,272.4949074,271.1146394,269.836797,269.1930291,268.6822059,267.3058852,267.0126573,266.4618905,266.2812401,265.7165067,265.2214014,265.1638694,265.1864836,265.4485105,267.2516008,268.8639996,270.2795561,271.8979232,272.7475985,273.7062219,274.5061422,275.9323226,277.7392604,279.0269302,279.8012496,280.2490218,280.8573901,282.2721693,284.0126763,285.1129974,285.637976,277.6825354,277.8143186,278.2297478,277.7931188,277.569609,277.8692761,277.6933987,278.1350132,278.4921669,278.8233338,279.6641509,280.1879121,280.74616,281.8283165,282.7359986,283.1214049,284.0207707,285.5712301,287.4127224,289.5729825,293.1939762,295.6026533,303.7037017,313.3174134,320.1036323,326.2205707,332.3429176,336.0028156,339.9823722,342.8544953,345.4049947,347.95325,350.3420258,364.2819584,378.4619028,384.4574138,390.3240099,395.8782809,400.2056985
Daegu,x<=60,167.835419,167.4014892,166.7890333,166.1429435,164.8401291,164.0426666,163.1759916,162.3281628,161.6865251,161.1488319,160.8760795,160.3374585,159.440236,158.8104352,158.6870714,158.4391909,158.2619635,158.0273379,158.0918809,158.5937909,159.2056423,159.2814539,159.7488251,159.9143109,159.7206322,159.9752975,160.3422986,160.5822997,160.9444025,161.1604495,161.5069286,161.3768646,161.4704945,161.7140572,161.8099189,162.0088563,161.8115899,161.8866857,161.9273173,162.0348021,161.8848951,162.3202124,162.4387935,162.3427004,162.6974237,163.1280997,163.3381819,163.9973492,164.70326,165.3944802,166.4680903,166.781644,167.0374226,168.3725809,169.9592206,172.6899393,175.0424587,176.9476626,181.6937723,187.7058287,191.50819,194.3418131,197.9956406,200.7216049,202.8323391,204.5615595,206.3675866,207.6333852,209.3890376,211.4752079,213.7892806,214.823407,215.8333425,216.768303,217.3648544
Incheon,135<x,498.6209834,497.3001611,497.1955446,497.7017908,497.1508013,497.6700695,498.7901369,499.3146769,500.6238551,502.9179256,503.1707813,503.1765304,501.3526546,502.3768402,502.8678324,504.0080074,504.045264,504.6039498,506.7211337,514.2114833,515.3617198,514.1717038,514.5109796,514.2378647,517.4697556,518.2022892,520.0344183,521.0160307,521.5390647,521.6025539,522.3710486,524.6436891,525.9421425,528.7475729,530.4023239,530.5033294,549.1308575,552.1742816,552.0734613,551.7708196,552.0228705,551.0364081,551.0364081,552.5307364,553.8287132,555.2511853,556.8495643,559.9212319,560.9619511,566.7152374,582.8310376,585.1276905,587.8165503,593.4879071,598.7346231,602.8597329,607.9286964,614.2007014,622.2507459,630.9435558,640.1506142,651.7732655,670.4884285,697.5108921,709.2465467,737.3707676,758.0400058,771.5977391,808.9817242,844.7242744,856.5731895,860.6589131,865.3300641,870.9901539,876.1409215
Incheon,102<x<=135,364.1576821,364.6991948,364.6792473,364.738234,365.1051271,366.2798104,366.842938,367.9130029,368.6532579,372.1066409,373.1620627,372.9443611,372.2846938,372.0128601,372.4141027,372.6159118,373.4300683,373.7298848,375.686922,376.2284424,377.1512104,378.2934527,378.6792631,378.8634609,378.801654,378.6408036,378.8248746,379.4799267,379.5074698,379.6755746,379.6201653,381.5313224,382.2424045,384.1659314,384.2263824,384.7427395,401.7020424,402.6807682,403.0614013,402.8292379,402.8364096,402.3304254,402.2669924,402.6408513,404.7187896,405.8014524,407.3603368,408.3560485,411.6553301,416.0044958,427.260079,433.3136402,438.4178817,445.3165918,453.7324408,459.2060166,466.6526764,469.0688607,474.9973203,485.6349936,496.9636195,505.0987172,519.9291147,535.4286172,547.4308877,571.5957716,584.6756995,607.7031876,628.8909476,646.9290731,668.7529215,679.451701,690.7530569,702.5358517,712.1295888
Incheon,85<x<=102,341.8342046,342.0560538,342.9040939,343.0843364,341.7541991,343.1087651,343.509304,344.907346,345.7961097,346.7672429,350.8636693,350.6270494,348.09621,348.9014259,348.9014259,348.9014259,349.2952423,349.2952423,350.9556782,351.889275,353.775889,354.1000236,354.3002931,353.9547026,355.9801924,357.432049,357.6945933,357.9869867,357.2398877,356.3718207,356.7728119,356.7598704,357.0261968,357.5683729,357.4157295,357.4157295,376.7956465,376.7956465,376.7308346,376.4499827,375.991724,375.6937516,377.0204929,376.3502873,378.672794,380.5814933,384.5260998,384.7724276,387.4271905,395.8783942,425.2440624,428.1014699,430.4705061,437.8300381,442.3169883,448.801094,451.2389831,452.3301887,455.0418874,464.9148765,478.5201791,487.8071296,500.7165668,516.4757803,536.1600228,551.7443988,564.0432668,587.14549,602.6819746,623.4440198,642.0480321,651.2741264,660.9790948,671.0730899,679.2303967
Incheon,60<x<=85,246.5521003,246.7438656,247.0941372,247.3151436,247.7820197,248.5104021,249.458542,250.5271045,251.424283,254.0222249,255.854519,256.5049846,256.3892669,256.7638857,257.1126216,257.7534891,258.3450019,258.6404702,259.7647503,261.0153549,261.930083,262.3024788,262.9322477,263.325259,263.3986066,263.4064218,263.3486671,263.3620711,263.6431959,263.6824669,263.3927209,263.2317786,263.5198143,264.0189798,264.3775482,264.1730229,260.2630545,260.3713881,260.3495628,260.1495185,259.8358878,259.3551066,259.5415674,259.5886108,259.6375644,259.9316173,260.4336218,261.4419249,262.1799981,264.1584699,269.5007973,272.6135288,275.5552867,279.4000998,282.40215,284.8365901,286.0167634,287.7540191,289.9108706,292.9492567,297.0860995,302.3442492,311.3981939,322.3604763,331.5381832,344.4911706,355.268306,370.1962105,383.6757717,408.4368237,435.713122,448.06308,460.6659942,473.5420032,483.6911417
Incheon,x<=60,157.5454919,157.8755689,158.3433439,158.6648441,159.1476928,159.9751765,161.0869572,162.3674288,163.3472785,165.7908516,167.2621811,167.8750672,168.1462854,168.3398724,168.6010998,169.1882974,169.7358255,170.3792151,171.3117129,172.3499106,172.8146164,173.1711139,173.6015061,173.8951944,174.065116,174.0880116,174.25062,174.2154718,174.2295747,174.1309754,174.1007721,173.9101054,174.146549,174.1934821,174.2966272,174.3711787,174.5018304,174.6490135,174.8077726,174.8573416,174.087034,173.6915765,173.6318251,173.6646777,173.8910306,173.7425615,173.935987,174.1000221,174.3368779,175.1657464,177.3870039,179.1417828,180.7499212,182.6963615,184.4093205,185.3532715,185.8407545,186.0009504,186.48194,187.5652212,188.633666,191.3662455,196.7572655,202.1184472,208.0262863,217.5061739,223.8863951,234.5737257,243.4282863,250.6686651,259.4711639,263.8291269,268.4311259,273.1550727,276.9424186
Gwangju,135<x,395.4535121,396.4647779,396.4647779,396.9547737,397.8237633,401.102298,405.0634806,407.7648511,408.2920173,410.6931611,412.9344364,416.0794632,416.7394484,422.6616232,428.4978296,428.5805873,430.712417,432.387403,433.5606911,436.7222557,439.9663216,441.0410894,448.1541959,454.1358948,458.7437751,461.1121835,464.2048358,471.0438611,477.2902383,481.8407877,491.8129723,506.7849106,516.6197728,520.6181523,532.2232323,544.9556379,548.2618792,551.0271709,552.7956971,558.4525644,559.9771823,561.7890235,565.0457799,573.4636579,577.914837,579.1997901,582.4800592,586.3836247,589.2999354,590.1795681,593.6228029,593.9961571,594.9217929,595.3166838,596.2246155,602.9363912,603.235368,604.4698167,611.3097798,622.8448894,627.4577705,632.6053301,637.324894,640.9612914,644.3293217,653.2627381,659.8642927,666.4660723,675.7517409,756.9919367,702.0573412,706.577906,711.8932945,717.6600556,722.5645615
Gwangju,102<x<=135,327.0942566,329.8464376,329.8378561,329.5512347,329.5409369,330.9125069,333.5483027,336.1562608,336.5861477,337.434837,338.4521675,338.7954266,339.017828,340.5928428,342.9622316,343.0961026,343.573607,344.3696715,344.3696715,346.4562842,348.037313,349.6172954,351.9486351,355.3401751,359.3471316,362.7059731,364.9072077,368.432705,373.8902627,376.1446377,382.9754646,390.7560285,395.6306304,403.1858197,410.8881701,412.4214941,413.1979261,417.337023,420.6537822,422.640821,424.1857833,424.905323,427.7844832,429.5009488,430.1755021,431.9992049,432.2099277,433.9896209,434.3323596,434.9343493,437.4845865,437.4845865,437.555704,437.7150057,437.6539626,439.0162639,441.1104599,442.2412908,451.4152122,459.7501398,466.8178603,471.6073303,474.4537231,481.1683518,485.8154646,493.2258221,499.0227898,505.2665522,514.5414001,539.4772231,535.3148016,536.4639073,538.3101484,540.7775173,543.112488
Gwangju,85<x<=102,219.3707953,219.4281862,218.980661,218.9874243,219.3851521,218.5381974,218.9803365,218.5669479,218.5770279,218.5507701,220.0980637,221.26007,221.2772968,221.3852502,221.1130964,221.8791574,221.9110882,221.9822984,221.6647553,222.1164492,222.0604843,222.1241036,223.4282824,223.958711,221.6726828,220.6966464,221.352255,223.1970182,225.7536901,226.3379833,229.6504275,230.8482227,231.4712008,232.5284529,236.3342594,251.4906235,300.277493,301.0110535,300.5245871,299.8914085,300.7337865,302.2781245,304.8113687,314.8468074,314.5997134,314.7456368,316.2491061,318.8786618,320.1584949,320.9615507,320.8611687,321.5799247,323.3831588,324.6417942,324.6417942,326.4954424,324.9356611,326.379617,334.4793403,336.6149141,340.2925798,340.9875319,342.0185969,348.2044592,347.6199967,354.8105341,357.8492385,364.9539472,370.4043471,410.4766403,387.6104487,385.050644,382.8172627,381.388871,380.4165808
Gwangju,60<x<=85,217.5235597,217.8626105,217.8900335,217.4772245,217.7384675,218.3924186,218.7417398,218.8784019,218.7559916,219.4029174,220.9856134,221.3193186,221.6601928,221.7817321,221.9754961,222.239258,222.3115381,222.5915391,223.0835872,223.4725688,223.8964657,224.6265784,226.0459575,227.8006986,228.8624611,228.7654529,230.1217838,231.1335729,233.149212,235.6790241,238.1019053,239.8582177,242.8384123,248.5511959,251.5787846,255.9519569,253.3472155,254.4281787,256.4881173,257.8539599,258.0901015,258.1886518,258.2344829,257.974973,258.1133664,257.8323469,257.8442832,257.9298334,258.1632682,258.1533604,258.4526759,258.5791332,258.4110281,258.1957866,258.3058489,258.5255255,258.8305629,259.6056169,264.3631315,271.27025,274.1193439,277.663789,281.0889449,283.4474743,285.5872305,289.588923,291.8212723,296.9146763,301.4625836,325.1784046,334.0820782,338.7265063,344.0374168,349.6567544,354.3706977
Gwangju,x<=60,112.5725151,112.7735345,112.8216628,112.8889635,112.9160041,113.0174081,113.0412254,113.3628033,113.2715601,113.4260216,113.9227897,114.1292272,114.2302375,114.2473272,114.4421162,114.5079807,114.5174461,114.7286062,114.6810338,115.1302824,115.2877749,115.4976502,116.0844585,116.4740142,116.8032146,116.8319274,116.9664911,117.425612,117.9612597,118.6055227,119.2270238,119.5922252,120.2062849,121.3233533,121.9299421,123.1643866,121.6604895,121.9598637,122.62415,122.9231352,122.6778691,122.831429,123.2625682,123.3086615,123.3324017,124.0161727,123.9752901,124.3100642,124.7828073,124.8530173,125.4374346,126.3072144,126.0770222,126.5623073,126.9265513,127.0455053,126.9737747,126.9149861,127.4143035,129.0958333,131.3010813,132.288504,132.5455301,133.313525,133.9567776,134.7705147,135.3844946,136.8242841,140.1361007,156.0728583,157.401942,158.3032564,159.5591689,161.0355585,162.4714392
Daejeon,135<x,400.0974564,400.0974564,400.0974564,399.7859999,399.806157,403.2536475,402.683873,403.229434,403.229434,404.9669059,404.7114525,404.1324545,404.6645774,404.9612027,405.2101493,405.2101493,404.6465612,405.0321741,405.0321741,405.7153787,406.4811636,407.7323157,408.4521534,408.6795741,409.2724478,409.0984393,409.6240888,414.3583226,414.7328489,414.9531301,415.1741397,417.8534517,420.6726457,424.8355277,431.4074188,435.4063017,441.0128783,443.5950585,444.6597372,447.3223287,452.072914,456.5894888,461.6017586,464.7321217,475.5606516,486.3859408,504.8130256,520.649971,534.7772913,547.6247176,563.2736511,572.5410243,578.0953742,595.3663649,603.5406744,609.2774675,641.9336392,653.5465703,672.7732579,688.1552685,695.7762781,720.9694765,740.7868257,754.6461446,760.955805,780.2675605,788.5089651,798.0208045,809.0430743,816.9492188,827.3548499,831.8786505,836.3785817,840.407514,843.9762452
Daejeon,102<x<=135,311.5083993,311.5093293,311.4878743,311.4878743,311.404651,311.7000348,311.7624523,312.0380481,312.047785,312.8657957,313.6869676,313.5921587,313.7317015,313.9998896,314.02985,314.2618068,314.0769357,314.0905336,314.2073771,315.2197572,315.4747248,316.8680568,317.3257695,317.5953085,318.2542554,319.0057652,319.6713825,320.2098229,320.7048662,320.8326959,321.3600939,322.2348978,324.3101738,327.0870008,333.053698,335.8994036,335.5895494,338.2010436,339.9859651,342.2268373,343.5986738,344.1398948,346.8487691,349.816069,358.6616761,366.9565632,376.8268481,389.5734226,401.4546332,412.2452774,420.2601606,424.7241844,426.9740236,445.7018838,456.0618275,462.7895895,474.0035815,480.7681123,497.5108432,508.3088293,514.9967745,535.5270105,547.663725,552.8342497,558.8812798,565.3573097,577.4964925,588.6984722,599.5922797,615.8524577,634.5709018,642.8533087,651.2171027,659.4445674,666.0278515
Daejeon,85<x<=102,303.2025306,303.5837673,303.5837673,303.5837673,303.7593809,303.7707272,303.9631509,304.4333054,304.4333054,305.1763888,305.2177074,305.5253014,305.5933793,305.5933793,305.9159296,305.9159296,305.9159296,305.984794,310.7957256,310.9772668,312.1321376,313.2384154,314.1720608,315.1138062,315.2992842,316.2408953,316.7182275,317.9199204,322.308245,322.3495635,322.0727957,324.0251507,332.6889891,338.4551329,342.6305822,346.9700879,340.2090287,340.9282759,341.8390789,342.5312838,343.2977589,343.4694424,347.3552125,353.1856588,363.1926127,369.3565143,377.6689344,392.7747164,409.8388364,414.2576204,431.0492092,432.4423379,433.3885713,449.4797177,464.2322524,467.4888704,475.8036347,479.7972046,494.3096066,502.9590019,510.4979623,518.489512,533.4462929,534.133027,539.8448035,552.2283333,568.9055699,576.547283,579.860992,594.0377484,611.1451028,618.7592337,626.4650249,634.0433671,639.7074419
Daejeon,60<x<=85,213.7126078,214.0205534,214.3484784,214.5243299,214.5922133,214.7266393,214.9146899,215.7297879,215.8864752,216.6856302,217.4966275,218.0913831,218.509451,219.3636517,219.9994837,220.2593943,220.410851,220.5961826,220.8256536,221.1535477,221.3778071,221.6695852,222.0908372,222.5151568,223.3529631,223.8686327,224.3665692,224.7821563,225.0891228,225.239297,226.0501347,226.5460297,227.7998272,230.0907443,232.1198013,233.1996591,226.4945937,228.0211181,228.8249512,229.5688752,230.4772651,231.0633691,232.4619789,234.1225415,238.3678559,243.1351696,247.544492,254.1397664,259.3840462,264.5641267,269.9170246,274.7989795,277.830705,285.4687349,290.8537358,295.3117783,300.0002058,304.2405596,311.9041366,317.9424732,322.5674252,331.9097446,338.9675525,341.4921551,344.5731384,350.9415049,357.8730313,364.8514269,371.4930378,385.0631383,400.5453987,407.4421569,414.3209152,420.754285,425.3195448
Daejeon,x<=60,124.244623,124.2882633,124.433325,124.3114123,124.3757086,124.6550552,124.8089054,125.0780406,125.1784882,124.7375306,125.2836904,125.4969309,125.5881084,125.6728203,125.9106966,126.4892415,126.5926401,126.8936221,127.04382,127.3892928,127.5254172,127.7965439,127.9014804,128.5301685,128.8181654,128.8659046,129.3230492,129.5706063,129.8854699,129.9579985,130.0715305,129.9461748,130.1003042,130.387632,130.3995911,130.7174728,128.2400905,128.5273456,128.8018237,128.8304964,129.0091816,129.6471164,129.684918,130.5572711,131.6440897,134.1812601,135.0716803,138.007456,141.5503673,142.8579543,146.7629711,149.2293251,149.9357563,153.1685208,156.1089819,157.6515098,159.4856423,161.0305464,164.3757904,166.6447485,168.4292337,171.8289326,174.694959,176.362415,178.9540121,181.8974597,185.2146644,190.3251878,194.1501583,198.3673736,203.5605417,206.0541477,208.6910521,211.3126479,213.3471707
Ulsan,135<x,400.1022959,400.1022959,401.3959903,401.1428172,400.7088594,400.4970899,400.4970899,404.4217615,405.2542676,406.8399936,406.7341088,409.7469881,408.3198347,408.3198347,409.8262744,409.3087966,409.6969049,409.5411322,406.1965995,408.0977058,409.8911288,409.2900546,409.2900546,408.784455,408.7700528,408.7700528,408.5113139,407.6236764,412.2160032,412.2160032,418.321048,418.213127,418.213127,418.213127,413.3912645,414.8184178,433.1671601,432.2864236,433.5780595,431.1006816,430.2343789,430.0748057,429.4289878,429.114406,428.9852424,428.9852424,428.7713268,428.8444208,430.2652202,430.2652202,432.5901647,432.5255829,432.5255829,445.1190322,447.6534512,449.8162935,450.2814119,459.4520263,469.7746268,507.5875123,527.9650722,533.2594837,537.3483068,541.0206791,541.17797,542.5441802,542.9290803,547.7930083,562.5946059,597.7287841,634.8065768,650.972985,667.5062715,684.1166676,697.4049845
Ulsan,102<x<=135,403.5600675,404.3581126,406.551641,408.1125221,407.6959776,406.8195739,407.32208,408.6651625,408.8433701,408.7808,410.437433,410.7564264,410.8587187,410.9216179,410.8012331,410.1368391,409.9403541,409.9350908,409.9099312,409.1686854,408.6422612,406.6993179,404.9702379,404.0124636,404.5730196,404.0270702,403.5498216,400.832178,399.8298796,399.6060814,397.5086618,396.5296609,395.9474568,395.3755879,394.4725171,393.4561946,394.4598504,393.2665884,389.0771664,384.3732885,384.4657025,383.3285848,383.7782118,383.4742489,383.2310106,383.7675555,384.1164923,386.4426271,388.1698757,389.0224798,393.1191552,394.0633938,395.5031148,400.1877712,405.3053531,411.6028073,417.1031991,422.2986693,442.3659688,462.9366194,481.2345798,493.8724741,506.0015337,517.8208118,524.0730338,529.9390015,532.6354857,543.9436776,546.0291176,551.1149795,557.7248324,560.9448016,564.3405635,568.0587106,571.2383161
Ulsan,85<x<=102,353.8145564,354.5393143,355.3846029,359.1855352,360.5424665,359.7164241,359.8923275,360.859129,360.805196,360.7760842,360.6474731,360.6347185,361.6732932,361.6619782,363.4349861,368.1825332,368.1792668,367.7648455,367.7406939,366.8034185,368.2557534,370.282046,377.8722737,378.225987,375.8624049,375.7865761,375.7521467,374.0818487,372.7667463,371.9576969,372.1603958,371.8802901,371.8293735,371.358852,371.1509852,367.0733608,363.5610678,362.6766664,359.940061,355.9334035,353.6017811,353.8593065,353.4070737,352.9831054,352.2826526,354.3933882,359.0143174,364.7755943,366.0700796,367.1969547,375.1109207,377.3217383,385.0752906,393.2496922,398.9223751,407.6736397,419.0681946,437.6534091,466.1609632,510.5312154,523.4115534,529.7046588,534.2016431,534.6256114,534.6884116,537.5271788,537.7532598,539.4461604,544.1252856,559.4983811,576.4085976,583.9682865,591.5342204,598.8521585,606.0895558
Ulsan,60<x<=85,252.922949,253.9765517,255.1079179,256.3841452,256.7002684,256.6482943,256.545186,256.576338,256.6011686,256.5465561,256.5668922,256.5331887,257.0818271,257.1007689,257.6633444,258.0895065,258.5987767,258.3610668,258.0582564,256.9790894,256.1364223,255.2492866,254.4984112,254.1566976,254.2230371,253.9806863,253.5186659,250.8100408,249.5286207,248.7077743,246.9248229,246.0571676,245.5556933,244.2453896,241.9744073,240.7366543,236.4215689,234.2176258,231.637948,228.6899751,227.3632705,226.1949411,224.9392772,224.6175036,224.1956709,224.2692484,225.2034555,226.8101632,228.0511102,229.6095455,231.6291655,232.8146526,233.3063892,236.0176817,237.9049748,239.4218003,242.0679649,245.2640411,254.8281895,267.6351749,274.7946421,280.5006563,285.0973856,287.6147596,288.4416812,290.4050515,291.9677602,295.4631521,297.8425599,312.7207297,328.2630035,335.094527,341.9864699,348.9783353,354.3871826
Ulsan,x<=60,167.8275406,168.425667,168.8156439,169.2847411,168.9259476,168.3941616,168.3100497,168.3319674,168.2347753,168.2604553,168.4665102,168.4691338,168.708419,168.3688666,168.8610688,168.8805299,168.9321626,168.7804218,168.9042143,167.9365603,167.4423779,167.3298407,166.6923338,165.2252326,164.5559216,164.1284695,163.7040635,160.9318739,159.3874001,158.5454001,156.8516479,155.4065901,154.6219869,152.5524227,150.7023988,150.0658987,156.4485853,153.9673961,150.5550745,147.2673304,146.1029462,145.1223586,144.5319365,144.0944634,143.9126933,143.5187879,143.5912204,144.2645683,144.7892128,145.2464645,145.8317034,145.9075179,146.0022127,148.12477,148.8646198,148.9211013,149.4989469,150.2988454,154.0107165,160.9525362,163.5118928,165.0872291,165.8152246,167.1089113,167.9105842,169.0169709,170.049931,173.1409528,175.2755289,174.2882961,173.7831936,173.7154476,173.7593855,173.7068162,173.694844
Sejong,135<x,321.3333333,321.3333333,321.3333333,321.3333333,321.3333333,321.3333333,321.3333333,318.3333333,318.3333333,318.3333333,318.3333333,318.3333333,318.3333333,318.3333333,318.3333333,318.3333333,318.3333333,318.3333333,319.8333333,319.8333333,319.8333333,319.8333333,319.8333333,320.3,320.3,322.4333333,322.4333333,322.4333333,322.4333333,322.4333333,322.4333333,322.4333333,322.4333333,322.4333333,322.4333333,322.4333333,322.4333333,322.4333333,322.4333333,322.4333333,321.4666667,321.4666667,321.4666667,321.4666667,320.1,319.4333333,319.4333333,319.4333333,318.5333333,318.1333333,321,323.9666667,325.6,335.5,363,407,420.3333333,433.6666667,440.3333333,462.3333333,502.6666667,568.6666667,601.6666667,606,606,614.3333333,614.3333333,614.3333333,614.3333333,609.5955011,605.3868098,603.583085,602.8938796,602.2046743,601.6165003
Sejong,102<x<=135,342.6428571,343.4047619,344.452381,345.6904762,346.3809524,346.3095238,344.5595238,343.7738095,345.202381,344.6785714,345.7738095,346.2976191,346.7142857,346.6428571,347.2619048,349.7261905,352.6785714,356.7619048,363.4047619,380.8809524,385.5,387.2738095,388.1785714,388.1785714,390.9166667,394.1904762,399.5714286,399.5714286,401.3571429,404.9047619,405.0476191,405.0476191,406.8571429,407,406.1904762,407.9047619,408.8095238,408.9047619,410.8333333,412.1666667,412.2380952,412.2952381,416.8190476,416.8190476,416.8190476,419.1428571,420.6904762,424.3666667,439.7380952,464.4476191,493.5428571,496.1142857,499,521.1047619,549.0952381,581.452381,621.0952381,653.8095238,678.1904762,682.1136364,718.1136364,751.1818182,755.8181818,765.1818182,768.9545455,771.6136364,772.9545455,772.4090909,772.4090909,807.5347177,842.2849216,856.9571445,870.3631896,883.1839666,890.1883721
Sejong,85<x<=102,313.25,314.0416667,316.7916667,319.4583333,326.4375,325.2291667,327.2291667,329.5208333,330.1458333,330.2083333,334.375,336.2083333,337.5416667,337.6666667,345.3333333,346.9166667,347.2708333,354.1458333,365.6875,371.6041667,371.6041667,373.0208333,373.2708333,373.2708333,376.7291667,376.6666667,376.6666667,376.6666667,376.6666667,376.6666667,378.3333333,380.8333333,380.8333333,380.8333333,383.875,384.5416667,384.5416667,383.6666667,384,386.5,386.525,386.5,383.1666667,385,385,386.25,386.25,390.6666667,411.6666667,445.9166667,467.5833333,475.0833333,477.5833333,502.5,541.5416667,587.5,657.9583333,676.0833333,683.9166667,756.0909091,770.7727273,782.3636364,782.3636364,788.4545455,790.8181818,791.5454546,783.2727273,781.6363636,779.9090909,824.8950045,869.7314924,888.6573195,905.2401901,920.3773229,929.5349233
Sejong,60<x<=85,241.8974359,242.8384615,243.6461539,244.5435897,245.5435897,245.4666667,246.5846154,247.7897436,249.574359,250.7410256,253.4307692,254.1769231,255.2384615,255.2,256.4948718,256.3666667,256.1871795,260.148718,265.2833333,271.7705128,273.2576923,275.0551282,275.6192308,275.6833333,277.8641026,277.8384615,280.3641026,280.8897436,282.2615385,283.0666667,284.1692308,284.4128205,284.5153846,284.8230769,283.7846154,284.1564103,286.4275,285.9775,287.165,287.065,287.245,286.73,287.415,287.0475,286.4475,287.3925,287.42,287.715,295.295,315.4325,340.8375,343.575,344.615,360.8275,386.4275,417.265,454.5125,478.1,489.39,503.535,527.2975,548.65,552.85,554.1,555.55,557.375,557.5,557.7875,556.7125,591.8467904,626.1719416,640.3780296,652.9485812,663.6770437,670.131107
Sejong,x<=60,147.914,148.586,148.866,149.546,149.598,150.278,150.478,149.762,150.828,151.608,153.648,154.588,154.884,154.944,155.24,154.928,155.352,156.86,159.802,165.792,165.894,165.882,165.882,165.882,166.762,166.696,167.328,167.956,169.384,169.4,169.576,169.756,171.116,171.076,170.984,171.248,176.525,176.2916667,175.9583333,176.0416667,175.5875,175.9541667,174.4166667,174.4166667,173.3416667,173.2458333,172.8375,173.1708333,180.8166667,187.1291667,195.6958333,197.9458333,199.9875,204.8333333,214.875,237.0291667,257.0541667,258.9458333,267.7083333,279.0333333,289.9333333,300.6666667,304.0833333,307.6208333,310.8958333,311.6625,312.275,311.5458333,311.3375,340.3414416,368.783243,380.638228,391.481103,402.0175096,409.1636823
Gyeonggi,135<x,553.5867767,553.0378166,553.1257187,553.0217547,552.3590601,552.718678,552.8566441,553.1481264,553.7983603,554.9486069,556.9870716,556.7115936,556.2817243,555.8078636,555.8037957,555.663766,555.5398248,556.1850543,558.4427183,559.5962725,559.7915838,561.386451,562.406502,564.4740153,570.1996371,574.8423471,578.9530715,586.5588819,591.0643184,594.508673,596.5152049,599.4892605,610.2583239,620.5060979,623.16237,623.3930397,623.288629,623.5098554,622.7773204,622.0674209,621.8760679,621.6664064,622.8516846,623.2673831,625.1749837,626.4023157,629.3182046,640.0506118,648.6011672,659.7824886,672.8803584,676.1103281,678.2382919,686.8785314,703.614302,716.989168,732.3887259,750.4653104,779.95806,796.9930919,827.5219495,863.6861478,879.1224839,899.128333,907.8599224,928.0269135,935.3682097,951.6199743,968.6496234,978.7541879,992.4807074,999.2980139,1006.444454,1013.880154,1020.286882
Gyeonggi,102<x<=135,442.6275032,442.1798757,442.2452894,442.1595764,442.1607471,442.6732,443.705855,444.3469538,445.4874436,447.0777772,448.9262371,449.2620741,449.2949259,449.9041033,450.4805052,450.7018038,451.5232334,453.608622,455.9283867,459.113969,460.7656709,461.6665506,463.4692364,466.2278002,471.2204425,475.3014457,480.9920151,485.9589904,488.0740183,489.506511,491.89559,494.4713821,506.9507748,514.5109726,516.9308057,517.6826927,513.5115896,514.0892804,513.6560704,513.4042588,513.2265761,513.0963853,513.7294813,515.1246765,515.9974504,517.8455388,520.4659439,527.6930749,535.2759487,544.3587242,556.2333795,560.1935255,562.3468796,571.2675434,584.3399933,597.5354384,613.438902,621.8484885,640.3329333,659.0989953,679.4852215,704.2843419,723.1064155,738.4060135,747.5561847,765.3734224,781.1992142,797.6210261,816.59534,828.8191704,843.9943116,851.0749985,858.4484974,865.9554965,872.0352048
Gyeonggi,85<x<=102,408.4370448,408.753292,409.0576602,409.1505169,409.0974533,409.259951,410.6944185,411.6421438,413.2075835,414.7861182,416.7836147,417.9370726,418.3084363,419.076559,419.8483911,420.2896711,420.6979437,421.7993916,423.3973154,426.5847704,427.8415909,429.8681144,431.7018694,432.5685813,438.6540297,441.5223945,444.9008897,448.2839463,449.4639069,453.8722305,455.2474289,460.9611897,472.8794069,482.9491214,487.1572494,487.2872041,432.0830809,431.9608974,431.7154499,431.7365697,431.5671727,431.0697008,431.0968023,431.5583713,432.8300792,434.5809488,435.5952351,441.6121495,446.9323814,454.3129549,469.0729443,474.2309862,476.5333705,483.394741,496.8742819,509.3432906,520.2204372,526.531156,542.4692301,558.266709,572.6827284,594.164783,611.5047061,629.8157473,639.8598461,655.0873114,666.2651159,682.1350986,699.4664498,737.9416866,779.0412252,797.152447,810.512408,826.889166,840.0302826
Gyeonggi,60<x<=85,300.5191505,300.9653788,301.2049759,301.5718271,302.2818633,303.027171,304.005012,305.1587939,306.2665356,308.0649754,310.117981,310.9283834,311.4094522,311.5834328,312.1071179,312.3159444,312.8997424,314.1855168,315.4396781,317.3895806,318.6719859,319.4751963,320.5588869,321.3638414,323.4076701,325.3298841,327.6917751,329.3487946,330.3131119,330.9831696,331.8120828,333.174423,340.0881839,344.7249156,346.2669454,346.9419016,348.6010653,348.5606163,348.3787478,347.5907472,346.8661638,346.8025904,346.6490647,347.0158957,347.4108365,348.3338863,349.823196,354.1514688,358.4933175,364.6727802,375.5301646,379.1988642,381.1071769,386.9618278,396.9345406,404.2251606,412.4481138,417.7970302,427.6925684,437.9497011,449.956392,467.8538646,484.2554997,496.28094,505.206622,518.5734621,529.9877483,545.6957468,560.8356964,576.5627189,594.2545872,602.2408066,610.3251052,618.4299969,624.7843251
Gyeonggi,x<=60,206.3096978,206.576414,207.0493305,207.5080755,208.625152,209.487135,210.5627206,211.9879133,213.0814197,214.9937825,216.6498044,217.3357418,217.794226,218.1418038,218.5872393,219.1529337,219.8222895,221.1093614,222.3783109,224.0043263,225.2250604,226.1683469,226.955148,227.863864,229.0303595,229.7414827,231.3263121,232.2914776,232.6327235,232.9230559,233.2622809,234.750105,240.3738206,243.2405917,244.3150865,244.0255403,249.8175728,249.5050401,248.4782772,247.6480543,247.1297574,246.2463746,246.1879619,247.0576168,247.3922607,247.6980613,248.3619871,250.681842,253.2947162,257.1622251,264.4325098,266.9866448,268.490075,272.9031748,280.2540221,284.7512242,289.342232,292.3235457,296.4362024,301.2479359,306.6550533,318.2068133,329.6543892,339.4812489,348.198947,358.8746254,368.9025955,382.8839184,396.4031858,404.8214147,412.653215,415.6601805,418.8454945,421.9567084,424.2855137
Gangwon,135<x,280.5900638,280.6958083,282.2343622,284.7716157,285.9351934,286.6751667,289.4245237,291.0106912,292.6026222,292.6026222,293.9380299,293.733924,293.733924,294.3913332,294.3913332,296.0373774,296.1129037,296.6817114,296.5971158,297.4523697,300.4262194,300.8510551,302.2003549,302.5581047,304.5346313,304.9533795,305.1421954,305.3782152,306.7080118,307.6681719,309.3650305,307.929025,309.307183,309.3790893,308.8226636,308.6111746,309.7009901,309.4624129,307.59684,307.59684,306.1696767,305.5945797,304.836619,303.8046,300.9740341,300.5841272,301.0971597,301.9234365,302.1645718,302.1645718,302.8068934,302.8068934,302.8068934,303.1678464,304.0131649,309.6161132,315.4559848,315.881406,319.6993914,320.2129421,321.722711,323.9127635,326.0461542,328.9527873,332.9650371,343.0564523,356.6635353,364.0976559,370.7966945,375.613798,383.6094112,387.8372763,392.8016476,398.2341125,403.1858276
Gangwon,102<x<=135,232.449485,234.4819084,237.179167,238.4481914,240.2608509,240.7365934,243.1545178,246.0984001,247.3912131,248.7014873,251.8153083,252.0888603,252.6419649,253.082303,253.5906221,254.6676909,255.1879465,255.4841857,255.6450185,256.1366191,257.0555289,257.3350276,257.5649698,257.8444686,258.6624893,258.6763651,258.6763651,258.5814224,258.3308101,258.7646378,258.3866675,258.3200499,258.5459197,257.8119438,258.1092828,258.1806442,257.6829546,256.8865825,255.8854413,255.3473026,254.9256867,252.8788813,250.4312247,249.3873231,248.8117407,247.7441586,246.8663191,246.3485163,245.9525569,245.4047091,245.9505672,245.5874805,245.472545,245.259431,245.9141622,245.5643195,247.4552795,248.5010592,251.24913,252.4592226,254.653446,257.4984933,261.8696799,265.5871541,267.6496357,275.2018513,281.9271762,291.1481111,298.7826646,304.6652565,313.6531921,318.0579718,322.9370722,328.0467663,332.4210547
Gangwon,85<x<=102,178.5427291,180.2349745,182.1257077,183.1329379,184.2418992,184.2418992,187.1640377,188.7041497,190.9664308,192.3712678,198.8413697,199.3855397,199.2746436,200.2665988,202.7756619,202.9974542,205.0960794,205.21278,205.3791242,205.5953717,206.1309776,206.9072505,208.4209012,208.4541701,209.017612,209.017612,209.017612,209.017612,209.2005906,209.3627902,209.3717515,209.1421965,209.7256996,209.7256996,209.405501,209.405501,217.2197621,216.6172387,215.2079047,214.0518183,211.8670882,209.7964491,207.6920181,206.1560615,205.5182435,205.2906674,204.8507987,203.6793805,203.5883501,202.4976841,203.1782277,203.1782277,203.6167027,203.8890658,204.2531875,204.8443998,205.4799137,205.9532719,207.4498338,211.7149407,212.5322727,214.4811487,218.6855128,225.2584713,228.0366912,231.1953462,231.8566975,239.9250121,246.7410411,260.4244821,276.3867693,284.0376743,292.9936066,302.2174544,309.8960422
Gangwon,60<x<=85,157.996664,158.7168705,161.4143403,162.5443064,164.3756154,165.0409891,166.4963244,168.8025246,169.9106408,171.8923428,174.0802593,175.1476081,175.7678012,175.9493714,176.5327255,177.17993,177.6286032,177.846683,178.2369258,178.5894065,179.5416545,179.8821347,180.1254372,180.4177863,180.4784962,180.5398844,180.7853187,181.0766274,181.1015312,181.4686923,181.1349762,181.1452076,180.905437,180.2252046,179.4688074,179.1570504,178.0633142,177.5936452,176.1292869,174.5058365,173.9703543,172.6706325,170.3686228,168.7081418,167.6104941,167.3220599,166.3273019,166.0302622,165.7211064,165.7953542,165.9999069,165.7502779,165.001394,165.2501535,165.4975095,166.174998,166.8455662,167.7280345,169.2167889,170.2622277,171.1065206,173.8771041,176.5215392,178.9652695,180.0613866,183.8385141,188.7022101,192.9135194,198.0914577,209.2719528,222.1962378,228.612557,235.6163685,242.9643242,249.8287788
Gangwon,x<=60,94.60567978,95.2722225,96.53692787,96.96511211,98.2565823,99.01320195,99.66651556,101.8468789,102.9747849,104.1619664,105.9197021,106.6232662,107.1221199,107.5553592,107.82156,108.3839762,108.6891771,108.7167857,108.9970414,109.3190448,109.4690947,109.737332,110.007143,110.2305262,110.2157848,110.2247722,110.3551764,110.4310223,110.4847183,110.3289447,110.1722441,110.1128348,109.9387105,108.5653609,108.15649,107.7365898,104.265265,103.5547586,102.2963019,100.3714119,99.83598717,98.58521693,97.02038579,95.90573056,95.21529516,94.67104027,93.89256658,93.66754914,93.4743263,93.31682467,92.92212387,92.86858077,92.6057914,92.62467012,92.87237776,93.07524126,93.1909593,93.58743818,94.14719998,95.17350521,95.71699623,96.34690174,96.98003218,97.74349089,98.23955754,99.29227836,101.920683,104.4471347,107.4709894,110.4600375,114.8501031,117.0292665,119.3821634,121.9376514,124.1568165
"Chungcheong, North",135<x,345.8956377,346.3063545,346.3063545,346.3063545,346.4682963,345.4685253,346.5170712,346.8187657,346.8187657,346.7175521,347.1628922,347.2843485,347.2236203,346.8129036,345.9914701,345.5591367,345.4781658,342.6679986,342.6679986,342.6275132,340.854305,340.2513739,338.9455118,337.9521525,337.9152851,336.9219258,336.9060339,337.2501603,339.3554042,338.80079,338.5003549,337.0147584,337.0147584,335.9770666,333.5387337,331.572512,340.0363917,337.7867724,337.4218542,337.4352848,337.3106373,336.4688226,336.0546411,336.4422328,335.2478166,335.1854928,335.1854928,335.024706,338.2940941,338.2513699,338.3448555,338.3448555,339.7783016,348.2571651,350.3225064,350.1219987,350.5758284,357.7067717,366.5241716,372.0588727,374.6198569,385.2806543,391.130619,394.1939827,403.9911379,413.3218627,423.9649394,440.0364143,455.400987,476.8007198,498.6276296,508.8165121,519.6404922,530.1314772,537.9694082
"Chungcheong, North",102<x<=135,263.5990753,263.4987054,264.1153016,264.346995,264.3379455,263.829298,263.9700572,263.5822337,263.5610098,263.1892903,263.6739929,263.9246367,264.6639751,264.5246656,264.1641973,263.9267221,263.2248299,263.0905913,263.0794616,261.8784966,260.6682763,260.6192001,260.2015635,259.3929088,259.2708317,258.189431,257.7678676,257.2192975,256.0727635,255.300086,254.2257278,252.3663552,252.0107629,251.7297892,248.1505885,246.8121173,241.6355569,239.544499,238.0031401,239.1808675,239.8872512,240.6630853,241.5690977,241.5133352,241.0342412,240.9108849,241.2915056,241.4104403,242.676008,242.5217794,243.8177672,243.3813881,244.2850355,252.1109899,254.0468026,255.0987436,256.6308802,259.0622602,265.6751396,268.2115806,270.421041,276.2548559,281.5103566,283.7356542,289.6922072,295.6060535,298.7143915,311.9741424,329.4173221,343.9160255,361.0381714,368.8385679,376.7230142,384.9063564,391.6795539
"Chungcheong, North",85<x<=102,328.1927242,329.1282766,329.9360304,329.7679628,329.5597666,328.1830571,327.5216456,323.5857911,325.622634,325.5808955,325.5534821,325.5307481,325.4644983,323.7557029,323.4010185,323.3156625,323.4247291,323.4228459,323.4227396,322.0020063,321.7732395,321.6853273,320.7479022,320.7422417,321.0838977,321.1323984,320.9903027,320.9887219,316.8605879,315.8726608,313.7044149,311.4536974,310.8145178,308.6110528,305.6805168,302.5387158,225.4976989,224.7777124,224.471918,224.5375949,223.3743586,223.3502971,218.9404299,219.7967914,219.4476002,219.5672926,220.0641561,220.3178034,225.7965714,225.4425765,224.7694977,224.7058087,226.6396304,238.5495251,237.6007913,235.6880927,235.6803937,237.7190392,241.4220682,249.8533743,255.3772908,257.6286249,261.4389386,263.9698779,266.8676691,269.3794446,273.9955774,288.7104256,297.1833036,314.9293335,334.3398634,342.855025,352.0032932,361.1215492,368.5791273
"Chungcheong, North",60<x<=85,210.1855627,209.8647256,209.3821057,208.9364855,208.2119521,207.5348102,207.2114904,206.4480088,206.204454,205.9439873,204.9177669,204.6737187,204.6194513,204.4329606,204.2552217,203.8405175,203.5610686,203.2303321,203.0542401,201.7078483,200.9293415,200.2379822,199.35097,198.4680051,198.4355595,198.3072146,197.2903866,196.8602892,196.1212747,195.337368,193.6392378,192.9107977,191.9916007,190.5406583,187.1531672,186.1392339,183.0701836,181.5573791,180.091906,179.541615,178.8241504,177.1408917,175.7851957,174.9675003,174.792824,174.5882984,174.510116,174.3760035,175.296835,175.0944608,175.7642715,175.9941268,176.5999893,184.5055808,185.9138316,186.7134822,187.6006598,188.5319452,189.6610147,192.3458627,195.1766536,197.8200964,201.9286748,204.7918463,208.2484512,210.4412047,212.9146041,218.968688,224.8703227,239.0788333,255.0001595,262.2094254,269.6637164,277.4512527,283.7292899
"Chungcheong, North",x<=60,101.4113556,101.3430097,101.3219406,100.9929315,100.6658537,100.3080478,99.86786543,99.4434993,99.21210961,99.03314664,98.12319205,97.66118062,97.43583012,97.28878486,97.10873652,96.92045229,96.75272678,96.39404437,96.3496639,95.63012981,95.10907005,94.46710684,94.1554491,93.72044085,93.76727843,93.53516788,93.19619489,92.97376009,92.22433818,91.493152,90.7833034,90.23388699,90.06408041,89.00622259,87.04832582,86.90398915,84.97111559,84.18431262,83.1057395,82.78857597,81.98472242,81.0248175,79.79243631,79.53112735,79.28430482,79.03547597,78.9434805,78.95878897,78.68773428,78.31331344,78.21179578,78.004664,78.07697769,79.86613102,80.44472341,80.8699992,80.84393387,81.16785497,81.28155495,82.47358447,83.48575714,84.91020697,86.0869046,87.04463087,88.16638636,89.4757505,91.77502595,94.31276808,97.96768629,101.7926958,106.5663446,108.8051873,111.1599837,113.6133304,115.7527547
"Chungcheong, South",135<x,356.6193472,357.4898511,357.1816311,357.6913636,357.2602997,357.0888976,356.5351094,357.5673317,357.5673317,357.7549007,359.8284526,359.9505379,360.2211337,359.6476692,359.6476692,359.6789307,359.0417479,358.8786594,358.8786594,358.8786594,358.2985519,360.1433477,359.8403411,360.3813672,360.0722922,360.0722922,359.9380701,360.2086659,359.2502253,360.0041789,359.224623,359.059783,356.8430673,356.2398124,352.9916054,352.5190052,322.2015488,321.7888077,321.0500585,320.6784629,319.5316482,319.2975628,319.2211163,319.0838574,319.0838574,317.5749445,317.5749445,318.0150205,319.407934,319.4908679,319.9801724,320.234848,321.7615576,329.184059,335.6860608,337.371917,341.8111923,347.1992987,353.3012858,361.790941,371.06391,374.0213179,383.8931765,391.600453,393.0550994,395.4037259,405.1722239,408.3756283,415.3453682,431.9569064,450.7518245,459.5039303,469.0816926,478.8034711,486.7986085
"Chungcheong, South",102<x<=135,264.6222659,264.6111302,265.321559,265.8208602,266.8502328,267.2587609,266.3738153,264.9021282,265.0639125,265.0561852,265.0780637,264.5081379,264.4345522,264.0606249,264.2332251,263.9064652,264.0013701,264.080582,264.16838,264.2638289,263.9024445,264.1425788,263.0188695,262.8241888,261.9403653,261.9017203,262.1996335,262.2117942,262.1116541,260.714358,260.1124266,259.7240922,259.6596839,258.5761301,257.785486,257.4966407,262.3239358,262.4466202,261.126027,260.7592999,259.8608131,259.4348095,258.4407543,257.9512616,257.5168496,257.4268518,257.0543499,259.5689578,260.8317177,262.2425896,263.2997325,263.692757,266.7748809,267.5300122,269.7785222,271.3260833,273.8938875,274.9407651,284.0667559,288.0501181,291.4740721,295.6552882,302.5728937,310.5649626,312.732565,320.6443053,323.3716523,326.9547203,330.5752446,344.0093391,359.3935891,366.3832259,373.6116489,381.0291801,387.0719773
"Chungcheong, South",85<x<=102,238.0458989,238.0458989,238.5271833,238.4035679,238.7602819,238.8410946,238.0096985,237.9890959,237.9066856,238.3599423,238.2243505,236.7427424,236.4804184,236.4119103,236.4701035,235.3224623,234.4325357,234.4325357,234.5096586,233.3560144,232.5308879,230.8778898,230.2613166,230.3435264,227.6694186,227.9733978,227.9733978,228.0603662,228.0603662,228.127042,226.0366277,226.1330314,226.1330314,224.0364226,223.8651522,223.8651522,233.2853432,233.8627545,234.0323259,232.5513308,232.1129587,231.7440538,231.6113693,231.4960014,231.4845043,237.2208781,235.7797148,240.7763411,242.2859132,242.5270635,247.5000168,247.0698025,250.0954881,251.0762334,254.3048192,257.1508212,259.850485,259.850485,261.1934209,266.6479317,270.920717,275.0463927,280.4516518,281.4658059,292.2856027,300.5874774,301.0415003,301.6658658,305.8303557,337.5428616,370.9653314,385.6794502,395.6474312,408.6789422,419.1673117
"Chungcheong, South",60<x<=85,196.1152318,196.1564794,196.0820518,195.9065215,195.837654,195.5686751,194.3132265,193.1964047,193.2122993,193.1955574,192.7185808,192.1952873,191.8237827,191.5980039,191.2729161,190.6047418,190.4040058,190.2454997,190.0018745,189.499543,188.6994115,188.1158092,187.7203028,187.3325718,186.8853924,186.5324843,186.2750363,185.7449063,185.5380484,185.1982279,184.4256073,183.7048896,183.1918052,182.4653848,181.3552234,180.6477609,181.7972124,181.4136329,179.8759549,178.9225232,178.461386,177.6704709,176.3209806,175.6761246,175.5504801,175.5965849,175.0340424,175.4411488,176.5460493,177.2155686,177.5240407,177.5073965,177.8237996,179.0734821,180.0446527,180.4800824,181.8127915,182.4425319,184.0735064,187.8394967,189.8708559,191.5219084,193.4747271,196.7966157,199.1668239,201.5252125,203.4811449,207.3636437,211.140294,224.6395136,239.577816,246.3177017,253.2718314,260.4451009,266.2773491
"Chungcheong, South",x<=60,117.211649,117.1243067,116.9500023,116.7847645,116.6198988,116.5460318,115.2373237,114.4829702,114.4397989,114.5511231,114.1427014,113.9471756,113.6261208,113.3553342,113.2007255,112.8860995,112.51395,112.4701644,112.3366363,111.5083317,110.6302814,109.7866107,109.3509329,108.9362519,108.3564791,108.5339016,108.3708377,107.7047153,107.2722052,106.6892424,106.3093988,106.1384528,105.825269,104.988528,103.9990856,103.6063608,102.530512,102.5279244,101.6758569,100.3999108,100.1597725,99.40229828,98.71565197,97.43369521,96.93800081,96.19814195,95.45119724,95.5951429,95.65085378,95.84907991,96.35420248,96.5237846,97.07505694,97.77855527,97.9061431,97.87517941,98.28862224,98.16670181,98.21151403,99.55879024,100.015265,99.93056588,101.4344017,102.33643,102.9013305,104.425064,106.0267345,108.3470643,111.7559988,114.3197541,118.0216257,119.0933835,120.2699664,121.4595495,122.5055214
"Jeonla, North",135<x,338.3929435,338.4365784,338.4365784,338.2911289,338.3011652,338.2490644,338.5358298,338.3921252,338.3921252,339.4007098,340.5283201,341.0865138,341.4210476,341.4869731,342.0705158,342.5791702,342.9663142,343.0934778,343.0934778,343.5077994,343.3017274,343.3017274,344.3902394,344.1935336,344.4839161,345.2984331,346.5638854,346.0558941,346.2780796,346.0191356,346.5961369,346.2773555,345.9864566,346.7095443,347.4725258,347.7522857,348.1806505,348.2156404,347.6241881,346.9539246,345.9206682,345.3935975,344.6772848,344.7302251,344.6561087,344.4884658,344.1886526,343.9207253,344.0519795,343.9562668,343.365008,343.9635711,344.4579325,344.516249,344.5454073,344.6037238,346.2475564,347.1533517,349.7048963,353.2624451,358.8744659,360.8459631,361.9351809,365.2330878,370.037104,376.0542982,382.3888558,386.352063,392.2362331,395.4175856,401.1693821,401.9475119,403.5177271,405.6400753,407.957374
"Jeonla, North",102<x<=135,240.1635349,240.2823488,240.2823488,240.3462189,240.4148971,240.5905399,241.0061233,241.0610659,242.1152402,242.4081449,242.6900294,242.7790488,242.9490268,243.3640869,244.4045607,244.4045607,244.4045607,244.5333269,244.6297486,244.4803193,244.2711925,244.5836733,244.5319449,244.4452536,245.1080378,245.3119377,245.2664248,245.1504609,245.2421075,245.0943839,244.0434984,243.8200833,243.8909083,243.7175257,242.8253134,243.3583976,243.7206227,243.7343555,243.1612308,242.6648566,241.567948,241.135453,240.4133876,239.7801471,239.7719074,239.0011473,239.0300882,239.1294789,240.1901308,240.1579311,241.7132334,241.2384944,241.4583815,242.0670298,242.0292559,242.7326729,243.1504336,244.4664786,246.9616805,248.3627519,253.2468979,255.6553714,259.4228545,262.7553039,263.856428,269.2677863,273.0371804,275.6963859,279.1700761,296.6086393,315.5796194,324.0903692,333.4128275,343.1808438,351.8713871
"Jeonla, North",85<x<=102,234.5349728,234.5349728,234.5507709,234.5507709,234.5507709,234.6379201,234.6379201,235.2351386,235.2351386,235.2351386,235.2351386,235.1674326,235.1674326,235.3931193,235.3931193,235.3931193,235.3931193,235.3931193,235.1752462,234.4490151,234.4490151,234.5259762,234.5259762,234.5259762,234.5259762,234.5259762,234.6388196,234.6388196,234.6388196,232.7102475,231.6943603,231.6943603,231.6943603,231.6943603,231.6943603,230.4956966,214.5852904,214.5852904,212.59114,210.6017976,210.2330203,210.8459293,209.9120424,209.2259007,208.4078867,208.1569635,208.5411063,208.5411063,208.5411063,208.5137136,209.4560103,209.5028755,209.6756777,207.6158001,208.4816761,208.0909362,210.7705956,210.7705956,213.0085502,214.7484886,220.4966572,221.5371098,223.2645912,225.4249396,227.4159535,234.0797304,234.5116164,238.4378527,242.7113671,266.7410937,292.283056,303.5766635,312.5932317,323.5601002,333.1039139
"Jeonla, North",60<x<=85,163.4370485,163.7485235,163.8080154,163.787095,163.9724393,164.1680608,164.1290577,164.0930691,164.4639166,164.8402062,165.8538869,166.2598308,166.3112647,166.5547555,166.7209787,166.9162052,167.1913172,167.2518319,167.2096908,167.3043479,167.4328757,167.5062209,167.8981006,168.3194198,168.1620161,168.058199,167.8950255,167.4221935,167.2929415,167.072479,166.7557696,166.3950607,166.1681578,166.3119897,166.2861073,165.9740741,168.4973693,168.1185299,167.6622617,166.6437797,165.9649207,165.022269,164.7940602,164.202361,163.8530401,163.6242435,163.3562436,163.5340432,163.4629136,163.518162,163.8088405,163.714005,163.9400253,164.1072699,165.2800235,165.4417095,165.9464542,166.4168023,166.9510104,169.1121403,170.9725341,171.5039692,173.3923353,174.8345223,176.7826775,178.8209827,180.9378869,183.7593322,186.7616812,198.6419913,211.242842,216.8693029,222.9192631,229.2712656,234.7821283
"Jeonla, North",x<=60,96.25408046,96.49220894,96.54025297,96.62129251,96.66937375,96.78152171,96.77378427,96.80349008,96.95524819,97.03816882,98.22458301,98.36735111,98.52035771,98.61681588,98.63045602,98.73808473,99.06429956,99.16775908,99.32460369,99.43977639,99.36953053,99.51759888,99.90737302,100.0568333,100.1354454,100.2360763,100.2121313,100.0135009,99.97777107,99.91662234,99.62063836,99.58525755,99.53641522,99.47318301,99.34026908,99.17260306,98.58014555,98.51151977,97.94357436,97.50076012,97.22458736,95.96730846,95.71991593,95.49042891,94.996236,94.66314949,94.16070139,93.93092428,93.57252076,93.21186617,93.11598456,93.0929268,93.14555433,93.30479323,93.87104141,93.95874966,94.02925464,94.13011827,94.10384062,94.67192211,95.27860571,96.40228889,97.08047109,97.74150824,98.89926369,100.2682031,100.6828859,102.4629071,104.4722415,105.6358362,108.3344573,108.5436198,108.9272864,109.5927475,110.438126
"Jeonla, South",135<x,280.0262579,280.1250291,280.7734834,282.1047665,283.9986257,283.9127377,284.6685261,284.7698713,286.5266783,287.5870198,289.9833139,289.8771925,291.7655252,292.6088022,293.6294787,294.3977978,294.4149754,295.4661978,301.0105355,303.9061538,304.2434646,304.5432965,307.4049573,310.7405866,317.7730501,320.740066,327.6348791,327.9451365,329.1131613,329.694936,330.104081,330.4788708,330.4788708,333.053984,335.9023865,337.6904443,340.2339491,340.0943279,347.5150792,348.9614216,351.0925641,351.0258572,351.1105211,352.4517762,352.8395532,354.2105149,354.2105149,354.7693712,359.5026303,360.1732578,361.6286669,363.8473821,365.3866691,373.4849796,379.1887672,380.349771,388.9140116,390.7384949,393.0773982,401.7017886,404.6600755,405.7336304,416.1866568,418.3609977,419.0487994,420.0677992,422.6710917,423.229948,427.1880121,435.6366601,444.3304251,448.4092269,452.5742026,456.7391783,460.0895426
"Jeonla, South",102<x<=135,211.4836709,211.3125436,211.4495085,211.87153,212.1673306,211.9382166,212.5044334,214.0709025,214.0506291,214.8800468,217.3158111,219.7587039,222.1587401,222.5863277,222.9260188,223.4183249,223.6493805,223.8709182,225.1893545,226.1567359,227.1266806,227.5369356,229.8179536,234.3023735,235.4280492,235.4280492,236.2731745,237.3809392,239.1729332,239.8444386,242.1452161,243.1298281,243.7257183,244.1997848,246.2305472,247.8864941,255.8787614,256.6615388,258.6250722,262.670502,262.6563458,262.8413612,264.3549428,264.9057389,265.4880954,266.053967,266.8073437,266.721134,266.9883287,268.8626096,269.4347833,270.7754885,271.5113537,272.524516,276.7893226,276.755674,279.236657,281.8359897,285.8017218,288.032218,289.5068187,289.9974148,292.7078853,295.6784783,296.7154784,299.6950543,302.4397733,305.8390096,307.7640337,320.968724,335.2842725,342.2599626,349.441516,356.9970214,363.5419633
"Jeonla, South",85<x<=102,195.180344,193.5461208,195.5838716,195.892246,196.3430018,196.3386235,196.350483,196.3526084,196.3901847,197.6958619,202.9844711,203.0325892,204.7415825,205.6066422,216.0110618,216.8911364,219.1163901,219.136326,219.1604275,219.1861868,220.5149029,225.8774006,226.9423542,226.952726,230.4358308,230.4604849,230.4632054,236.2007464,239.9228319,239.9244471,236.4467408,236.4534781,236.460088,236.4676118,236.4651889,236.4747955,222.1799311,222.9883608,222.7913661,225.269297,225.2914538,224.3688336,225.5728259,225.4385346,226.8748424,226.9866153,226.9925778,227.1975763,227.223718,227.0144865,226.9253927,226.8509823,228.0941602,236.1098641,245.2236452,246.2512751,248.7525353,250.1835436,256.1071297,261.3878886,264.688107,266.149166,269.7548052,269.7607944,269.7935679,273.3457897,275.8620441,275.9104957,275.9729964,302.1186531,328.7094261,337.1091972,345.9587865,356.4410928,365.0606978
"Jeonla, South",60<x<=85,143.2722382,143.6668719,144.1118658,144.3604298,144.6066819,144.859076,146.263641,147.5283401,147.7286616,148.9975245,150.2518857,151.4224081,153.4349767,154.1107054,154.5502658,155.339001,156.2832263,157.1580008,157.5985676,157.7713044,158.3893637,158.7708174,160.4284917,160.9686182,161.9607958,162.348658,163.3069238,164.6721295,165.6741809,166.2404014,166.7255813,167.3504375,167.9962795,168.7792559,169.8545301,170.1332446,167.6567251,167.6986893,168.7344547,170.6768342,170.8354954,171.1237524,171.3097713,171.2753232,172.0052898,172.9496086,173.1479712,173.435951,173.8834639,174.5604422,175.3348516,176.0012926,176.5003238,176.7820318,179.209126,180.4316768,181.7231362,182.5515743,183.6546322,185.5178818,185.7786791,186.4419165,187.3131893,188.8920961,189.6643104,191.2935221,191.5932998,192.4791874,192.8795996,201.0426497,209.8949008,213.9643774,218.1449392,222.5245641,226.1278785
"Jeonla, South",x<=60,72.57458964,73.03027388,73.33810984,73.45932419,73.56042333,73.54768191,73.64080758,73.7933577,74.1630328,74.17009928,75.21826125,75.70099836,76.30177832,76.69323131,76.98400784,77.02864726,77.55723006,78.0157647,78.77428041,79.08744177,79.83716258,80.07255143,80.49671803,80.73435017,80.88090069,81.39777743,81.53604985,82.23904974,82.48119977,83.08873444,83.603359,84.04352381,84.41831411,84.53341467,85.09762833,85.37376852,79.70986937,79.47690898,80.40655019,82.114049,82.08790983,81.97029356,81.99686686,82.09309662,82.10600553,81.96002318,81.93524711,82.46735798,82.54753606,82.65349788,83.21853474,83.32599974,83.56362167,84.21975629,84.73886806,85.2911271,86.12222525,86.13015345,88.13218922,89.35517746,89.13978798,89.20412572,89.26092539,89.4243373,89.75557024,90.31158687,91.20725341,91.32855684,91.59825098,94.32441738,97.19223254,98.53851432,99.90427526,101.3673884,102.4260601
"Gyeongsang, North",135<x,351.4000834,351.4000834,351.4723201,351.4723201,351.4723201,351.5432052,352.1827727,349.4610466,351.0044987,353.8024563,352.8100654,351.6959285,351.2798258,350.852493,352.8609031,352.882529,352.882529,352.8189608,351.8450921,351.5778381,350.0183667,348.6600387,348.2347283,348.2347283,349.1798625,349.1798625,353.1061073,351.5112268,351.3962889,353.7591243,355.4759011,355.4759011,355.4759011,355.4759011,355.1260146,351.9444634,350.0296905,350.0257752,348.0525246,347.0607624,347.0452265,344.6360834,343.7757032,341.5930621,341.2320554,340.0448099,340.0374491,341.2609347,341.5339379,341.0869354,338.376195,338.4377435,338.0650692,338.9794494,340.644362,340.8058291,338.8408946,338.8476289,343.2175155,357.9216908,367.9392188,373.4490697,374.6889056,379.3391029,379.3535739,379.411677,385.6221011,386.2645555,390.8154545,389.8891096,397.0939736,396.6193712,396.2685133,396.0109169,395.9395583
"Gyeongsang, North",102<x<=135,284.3889475,283.8597699,283.2537534,282.7916578,282.6585293,281.6067999,280.8916263,278.573485,278.5047398,278.3399735,276.7883998,276.3353129,276.6880667,276.6385627,277.3445115,277.3620663,277.1629488,276.6597725,276.5952804,275.9336275,275.1542588,274.1595969,273.7164636,273.5755206,272.3032905,272.3159419,271.9907357,268.1349533,266.2345277,265.8257929,263.9761768,262.8766486,262.2840229,261.4400137,259.8707546,259.2462764,257.0355345,256.7382033,256.0872279,254.6801077,254.5461637,253.5827107,252.8233745,251.9442627,252.0373158,251.4113413,251.1810852,251.9225095,251.9862072,252.1171529,251.7358391,250.3831259,250.2875138,251.8458986,253.0007209,253.7020419,254.2085049,255.3085045,259.5268333,272.4574483,277.4948316,281.4402242,285.5735104,289.0951478,290.6207137,293.6558476,295.6331385,297.3565311,299.9966755,307.34997,315.412102,319.0613876,322.860116,326.8193844,330.1193219
"Gyeongsang, North",85<x<=102,257.2453969,257.0444514,256.5755785,256.5755785,256.5420876,255.9976984,255.1939164,252.1872978,251.3500249,253.0694203,252.7485693,252.3131874,251.5931326,251.5931326,251.5931326,250.9175914,250.9175914,250.9175914,250.9175914,250.6496641,250.6496641,250.6496641,251.2965912,251.2965912,248.6591814,248.4079995,246.3257651,245.5021772,244.349154,243.5255661,241.8949366,241.2057104,241.1233516,241.1233516,240.3821224,240.2565315,258.298385,258.298385,257.8305199,255.7519579,254.8864074,254.8864074,253.9538139,253.4859488,253.1490859,253.1490859,258.2481863,258.2949728,258.4914761,258.0516829,258.359612,259.5717261,259.7214429,259.9735954,261.0671451,260.8356873,263.5546049,263.9756835,267.4228982,276.8287184,279.579513,283.2978523,285.2773518,286.3714037,289.225381,293.1822894,298.4011753,298.9237259,304.652829,310.388228,317.0255873,320.1836782,323.6302097,327.4318982,330.6094271
"Gyeongsang, North",60<x<=85,190.1810051,189.4363356,189.3194147,188.7775855,188.2535101,187.1617004,186.196116,184.0093033,183.7267726,183.1711991,182.160565,181.5248875,180.8044301,180.4622223,179.9607329,179.6712581,179.4021541,178.6805639,178.4088647,177.3935287,176.9923753,176.3047724,176.3441139,176.2305297,175.7601804,175.4610025,174.9615398,172.9980209,171.9105084,171.0367805,169.9747197,168.6223496,167.9116163,166.5042777,165.4280556,164.5654426,167.8975193,167.1215661,166.1529273,164.7908895,164.2596766,162.6580982,161.7540544,160.3841552,159.7054352,159.3869226,158.8234776,158.7538882,158.4585218,157.6823749,157.4495695,156.8301907,156.6624777,157.1567284,157.9823191,158.6888463,159.4993223,159.8693086,161.5924614,164.9856944,167.6923319,170.2702058,172.9449722,175.18897,176.9982512,179.0601212,180.7813548,181.9944076,183.9561492,195.8971953,208.6110145,214.1878287,219.8445889,225.7474887,230.5025852
"Gyeongsang, North",x<=60,106.4148532,105.911032,105.6467467,105.1246984,104.5445136,103.6929245,102.9130888,101.5772325,101.1739681,100.7419146,99.99341188,101.0433493,100.9319941,100.5859584,100.2832883,100.0853144,99.52868841,99.41142408,99.20462111,98.4838044,98.01176665,96.84948074,96.43372092,95.9869819,95.33691734,95.12480702,94.65522927,93.64946932,93.08167537,92.67102543,91.88651514,91.14337982,90.07389497,89.43639442,88.10658374,87.36212124,84.13318057,83.49696172,82.60374315,81.54345238,80.88994485,80.03082527,79.58615528,78.57607783,77.86160954,77.36150819,76.78900206,76.80456136,76.42705519,76.1850585,76.00685586,75.63487321,75.3282013,75.58031058,76.01217317,76.41306025,76.59112717,76.96592871,78.14378859,80.14956085,81.58487101,82.78703435,84.11767535,85.29449145,85.88583323,87.59811139,88.33480795,89.04420782,90.45608463,91.74422071,93.42167253,94.22602574,95.08368412,96.02896589,96.80832091
"Gyeongsang, South",135<x,447.3249871,447.022205,447.1198794,447.7752885,447.7752885,447.7752885,448.1291387,446.9153919,446.9153919,447.0837382,446.4634884,446.2470887,444.8427821,443.0903962,442.8568562,442.26323,442.105435,441.9100861,439.8077606,438.2476917,439.2975625,438.7232989,438.2553575,436.7552713,435.5399225,434.4604393,431.516236,427.0730577,425.1298708,423.9033506,421.4283463,419.8183721,420.4486305,419.8550043,418.5269767,418.0331611,409.6748166,408.9792425,408.6368045,406.466496,405.4501159,405.0196489,401.8718576,401.8718576,401.4338202,401.3243108,400.8528642,402.4393842,402.9095663,402.0242855,401.597199,401.1591616,401.5201378,401.7869563,403.3878667,404.5541287,406.1742855,411.6011191,421.9060677,426.2875042,431.0753625,432.258974,434.4178406,435.507876,437.6864799,440.0184813,442.2169706,439.7407254,446.3823289,450.2960113,463.7935496,466.6183532,470.6800758,475.6468307,480.8501515
"Gyeongsang, South",102<x<=135,308.1310514,310.2631914,311.2162856,311.2379374,311.2728837,312.4327376,312.1869065,312.7979588,312.6665631,312.5456195,313.1976037,313.1149861,313.0215325,313.6352655,314.0185725,313.6048716,312.6787542,312.0062407,310.0486077,309.6520819,308.2716668,308.0755708,305.593885,303.4041555,301.5163224,300.8080119,300.5489679,298.6702022,297.0436622,295.9171125,291.8255116,290.2951879,289.5260513,287.5294887,286.535993,285.6626239,288.9629464,288.2489519,286.9642244,286.5673048,285.2862276,284.7093972,282.7289422,282.2866543,281.6907126,280.6057595,279.9360757,281.065229,281.2007398,281.5809599,282.1152162,282.8550839,282.804339,283.6253072,284.4123686,286.018558,288.6801455,290.5147464,299.1961739,305.0958763,309.4150705,311.1700128,314.8990405,318.2358137,320.4795596,322.4530841,326.0660025,330.9070767,335.867897,348.8344486,364.1586722,371.5303182,379.6195521,388.2092193,395.7889504
"Gyeongsang, South",85<x<=102,290.5551389,290.9907268,289.8615006,290.0778767,289.5277604,290.5935359,292.5278915,292.4010924,292.1080895,291.1731971,291.8500848,291.3456977,290.1330853,290.1296846,290.1241423,289.9343448,291.007615,289.9704257,289.9635597,289.8360458,289.3212197,289.3129905,286.5887339,278.9880065,276.3688445,277.6959804,277.4339878,275.385928,274.7743571,274.7650918,271.3849657,271.4474977,270.2552888,266.2402476,264.2758453,262.8579033,234.0666402,233.9959802,231.4783476,231.0150374,228.7648282,228.394061,227.2399799,224.4940226,225.7235441,225.4499173,224.0610538,224.6521585,225.6129735,226.5554648,227.2521272,225.9115023,230.6275251,230.6834116,231.2235967,231.4667174,232.0804045,232.3751683,234.0685942,241.132691,246.414232,246.8096184,250.622432,251.787186,254.3251579,256.0461599,257.4284673,260.9487121,265.1087503,304.4244802,346.5469824,360.0729338,370.8817485,385.9480824,396.5849225
"Gyeongsang, South",60<x<=85,228.1477182,228.6117221,228.7415236,228.6890833,228.6764399,228.5184087,228.0209224,227.7821566,227.8220543,227.9677763,228.2584712,228.4438193,227.9859621,227.9138417,227.4564994,227.2250331,226.5547886,225.6507423,224.1602009,222.7969652,221.5235245,220.2035648,218.7017061,217.4614088,216.3621186,215.8762083,214.4714205,211.5764623,209.7563033,208.0620248,206.1839931,205.3620165,204.361763,202.9105846,201.9322545,201.181623,200.0475504,199.3730489,197.7565277,196.6810294,196.2119249,194.9479263,193.4176045,192.9418455,191.7697406,190.4745956,190.0948858,191.2001106,191.4366403,191.9370594,192.852695,192.6116875,191.8889942,192.4611014,193.7624149,195.1555921,196.2271095,197.1909472,202.3305926,206.9195879,210.4558632,213.1106459,215.8664369,218.405345,220.086338,222.0760081,223.577392,229.1838518,232.1583922,242.7079152,254.7558676,260.346743,266.2013678,272.323966,277.6006238
"Gyeongsang, South",x<=60,147.6442923,147.8394389,147.5527689,147.5196646,147.24477,147.0797352,147.1565899,147.0960857,147.1595271,147.2844597,147.50421,147.5239788,147.0461377,146.6662836,146.2367373,145.8541796,145.3343214,144.6618806,144.17112,143.6798872,142.2174144,142.0367009,140.3085605,139.4420257,138.4378643,137.9413617,136.8844811,134.0634067,132.6376973,131.6190311,129.7956975,128.8602032,127.9262707,127.1901314,126.2323267,125.8637851,125.1838812,124.8336468,123.882839,122.8269266,122.2073668,121.1229291,120.1086488,119.8054254,119.1753218,118.4875478,117.8055729,118.7207237,119.1500829,119.288831,119.7296672,119.6630208,119.1300531,119.8305828,121.6984643,122.5331595,123.2097674,124.3240483,128.5066966,133.158088,135.6201199,137.3975796,138.5387072,139.4573383,140.1117165,141.6119886,142.9835607,147.945832,150.077932,151.4954332,155.1537863,155.4963489,155.9473044,156.527936,157.1719056
